{"cameraMode":{"drawMode":0,"name":"Shaded","section":"Shading Mode"},"sceneLighting":true,"audioPlay":false,"sceneViewState":{"m_AlwaysRefresh":false,"showFog":true,"showSkybox":true,"showFlares":true,"showImageEffects":true,"showParticleSystems":true,"showVisualEffectGraphs":true,"m_FxEnabled":true},"in2DMode":false,"pivot":{"x":1.7587909698486329,"y":1.2322168350219727,"z":15.312443733215332},"rotation":{"x":0.018306445330381395,"y":0.01262325793504715,"z":-0.0004801571776624769,"w":0.9998900890350342},"size":6.605386734008789,"orthographic":false}